id,movie_id,category_id,created_at
1,1,1,2023-02-02 13:08:34.66669+00
2,1,6,2023-02-02 13:08:34.66669+00
3,2,1,2023-02-02 13:33:10.192313+00
4,2,5,2023-02-02 13:33:10.192313+00
5,2,17,2023-02-02 13:33:10.192313+00
6,3,10,2023-02-02 13:38:49.560241+00
7,3,1,2023-02-02 13:38:49.560241+00
8,3,2,2023-02-02 13:38:49.560241+00
9,3,8,2023-02-02 13:38:49.560241+00
10,4,1,2023-02-02 13:43:21.315217+00
11,4,18,2023-02-02 13:43:21.315217+00
12,5,1,2023-02-02 13:45:53.003474+00
13,5,16,2023-02-02 13:45:53.003474+00
23,8,14,2023-02-02 13:59:16.852016+00
24,8,18,2023-02-02 13:59:16.852016+00
25,8,3,2023-02-02 13:59:16.852016+00
26,9,1,2023-02-02 14:03:34.415112+00
27,9,6,2023-02-02 14:03:34.415112+00
28,9,3,2023-02-02 14:03:34.415112+00
29,10,17,2023-02-02 14:06:23.902019+00
30,10,6,2023-02-02 14:06:23.902019+00
31,10,18,2023-02-02 14:06:23.902019+00
32,11,1,2023-02-02 14:08:42.877449+00
33,11,6,2023-02-02 14:08:42.877449+00
34,12,1,2023-02-02 14:11:48.504634+00
35,12,2,2023-02-02 14:11:48.504634+00
36,12,18,2023-02-02 14:11:48.504634+00
37,13,1,2023-02-02 14:14:30.848449+00
38,13,2,2023-02-02 14:14:30.848449+00
39,13,18,2023-02-02 14:14:30.848449+00
40,14,1,2023-02-02 14:16:47.085961+00
41,14,2,2023-02-02 14:16:47.085961+00
42,14,18,2023-02-02 14:16:47.085961+00
43,15,1,2023-02-02 14:20:51.806903+00
44,15,2,2023-02-02 14:20:51.806903+00
45,15,18,2023-02-02 14:20:51.806903+00
46,16,1,2023-02-02 14:25:52.835254+00
47,16,2,2023-02-02 14:25:52.835254+00
50,18,1,2023-02-02 14:35:40.018554+00
51,18,2,2023-02-02 14:35:40.018554+00
52,18,18,2023-02-02 14:35:40.018554+00
53,17,1,2023-02-02 14:35:54.776196+00
54,17,2,2023-02-02 14:35:54.776196+00
55,19,1,2023-02-02 14:37:18.028892+00
56,19,2,2023-02-02 14:37:18.028892+00
57,7,1,2023-02-02 14:39:41.789708+00
58,7,5,2023-02-02 14:39:41.789708+00
59,21,1,2023-02-03 09:08:07.489893+00
60,21,2,2023-02-03 09:08:07.489893+00
61,21,10,2023-02-03 09:08:07.489893+00
62,21,16,2023-02-03 09:08:07.489893+00
63,22,1,2023-02-03 09:10:33.540011+00
64,22,2,2023-02-03 09:10:33.540011+00
65,22,5,2023-02-03 09:10:33.540011+00
66,23,1,2023-02-03 09:12:03.018917+00
67,23,2,2023-02-03 09:12:03.018917+00
68,23,16,2023-02-03 09:12:03.018917+00
69,24,1,2023-02-03 09:14:03.020328+00
70,24,2,2023-02-03 09:14:03.020328+00
71,24,10,2023-02-03 09:14:03.020328+00
72,25,1,2023-02-03 09:15:25.844451+00
73,25,2,2023-02-03 09:15:25.844451+00
74,25,16,2023-02-03 09:15:25.844451+00
75,26,1,2023-02-03 09:26:49.649921+00
76,26,2,2023-02-03 09:26:49.649921+00
77,26,16,2023-02-03 09:26:49.649921+00
78,27,1,2023-02-03 09:31:58.804624+00
79,27,2,2023-02-03 09:31:58.804624+00
80,27,16,2023-02-03 09:31:58.804624+00
81,28,1,2023-02-03 09:34:11.399979+00
82,28,2,2023-02-03 09:34:11.399979+00
83,28,16,2023-02-03 09:34:11.399979+00
84,29,1,2023-02-03 09:38:23.392267+00
85,29,2,2023-02-03 09:38:23.392267+00
86,29,16,2023-02-03 09:38:23.392267+00
87,30,1,2023-02-03 09:40:40.475388+00
88,30,2,2023-02-03 09:40:40.475388+00
89,30,16,2023-02-03 09:40:40.475388+00
90,31,1,2023-02-03 09:45:54.44063+00
91,31,2,2023-02-03 09:45:54.44063+00
92,31,16,2023-02-03 09:45:54.44063+00
93,32,1,2023-02-03 09:51:26.945142+00
94,32,2,2023-02-03 09:51:26.945142+00
95,32,16,2023-02-03 09:51:26.945142+00
96,33,1,2023-02-03 11:54:15.67553+00
97,33,2,2023-02-03 11:54:15.67553+00
98,33,16,2023-02-03 11:54:15.67553+00
99,34,1,2023-02-03 11:56:09.968708+00
100,34,2,2023-02-03 11:56:09.968708+00
101,34,16,2023-02-03 11:56:09.968708+00
102,35,1,2023-02-03 11:58:48.992369+00
103,35,2,2023-02-03 11:58:48.992369+00
104,35,16,2023-02-03 11:58:48.992369+00
105,36,1,2023-02-03 12:02:44.807777+00
106,36,18,2023-02-03 12:02:44.807777+00
107,37,2,2023-02-03 12:09:17.118276+00
108,37,10,2023-02-03 12:09:17.118276+00
109,37,1,2023-02-03 12:09:17.118276+00
110,38,1,2023-02-03 12:12:28.35733+00
111,38,2,2023-02-03 12:12:28.35733+00
112,38,10,2023-02-03 12:12:28.35733+00
113,38,16,2023-02-03 12:12:28.35733+00
114,38,5,2023-02-03 12:12:28.35733+00
115,39,1,2023-02-03 12:14:47.410996+00
116,39,2,2023-02-03 12:14:47.410996+00
117,39,10,2023-02-03 12:14:47.410996+00
118,40,6,2023-02-03 12:16:54.221749+00
119,40,1,2023-02-03 12:16:54.221749+00
120,40,18,2023-02-03 12:16:54.221749+00
121,41,3,2023-02-03 12:20:36.23729+00
122,41,6,2023-02-03 12:20:36.23729+00
123,41,1,2023-02-03 12:20:36.23729+00
124,41,14,2023-02-03 12:20:36.23729+00
125,42,1,2023-02-03 12:23:28.870955+00
126,42,2,2023-02-03 12:23:28.870955+00
127,42,16,2023-02-03 12:23:28.870955+00
128,43,6,2023-02-03 12:26:14.708741+00
129,43,16,2023-02-03 12:26:14.708741+00
130,44,6,2023-02-03 12:29:02.017508+00
131,44,18,2023-02-03 12:29:02.017508+00
132,44,3,2023-02-03 12:29:02.017508+00
133,45,17,2023-02-03 12:34:36.559763+00
134,45,6,2023-02-03 12:34:36.559763+00
135,45,18,2023-02-03 12:34:36.559763+00
136,46,1,2023-02-03 12:37:03.178556+00
137,46,18,2023-02-03 12:37:03.178556+00
138,47,1,2023-02-03 12:39:12.215544+00
139,47,2,2023-02-03 12:39:12.215544+00
140,47,16,2023-02-03 12:39:12.215544+00
141,48,1,2023-02-03 12:40:33.145867+00
142,48,2,2023-02-03 12:40:33.145867+00
143,48,16,2023-02-03 12:40:33.145867+00
144,49,1,2023-02-03 12:42:42.095972+00
145,49,2,2023-02-03 12:42:42.095972+00
146,49,10,2023-02-03 12:42:42.095972+00
153,52,1,2023-02-03 12:49:39.378488+00
154,52,2,2023-02-03 12:49:39.378488+00
155,52,16,2023-02-03 12:49:39.378488+00
159,54,1,2023-02-03 12:57:02.706201+00
160,54,2,2023-02-03 12:57:02.706201+00
161,54,16,2023-02-03 12:57:02.706201+00
162,54,6,2023-02-03 12:57:02.706201+00
166,56,1,2023-02-03 13:00:16.55857+00
167,56,2,2023-02-03 13:00:16.55857+00
168,56,16,2023-02-03 13:00:16.55857+00
147,50,1,2023-02-03 12:45:04.733537+00
148,50,2,2023-02-03 12:45:04.733537+00
149,50,10,2023-02-03 12:45:04.733537+00
150,51,1,2023-02-03 12:47:16.401945+00
151,51,2,2023-02-03 12:47:16.401945+00
152,51,16,2023-02-03 12:47:16.401945+00
156,53,1,2023-02-03 12:51:59.748806+00
157,53,2,2023-02-03 12:51:59.748806+00
158,53,10,2023-02-03 12:51:59.748806+00
176,60,1,2023-02-04 02:51:07.683334+00
177,60,2,2023-02-04 02:51:07.683334+00
178,60,16,2023-02-04 02:51:07.683334+00
186,63,1,2023-02-04 02:58:58.944099+00
187,63,2,2023-02-04 02:58:58.944099+00
188,63,16,2023-02-04 02:58:58.944099+00
189,63,18,2023-02-04 02:58:58.944099+00
163,55,1,2023-02-03 12:58:30.470071+00
164,55,2,2023-02-03 12:58:30.470071+00
165,55,16,2023-02-03 12:58:30.470071+00
169,57,1,2023-02-03 13:02:40.980318+00
170,57,2,2023-02-03 13:02:40.980318+00
179,61,1,2023-02-04 02:52:19.781866+00
180,61,2,2023-02-04 02:52:19.781866+00
181,61,16,2023-02-04 02:52:19.781866+00
182,62,1,2023-02-04 02:56:17.193652+00
183,62,2,2023-02-04 02:56:17.193652+00
184,62,16,2023-02-04 02:56:17.193652+00
185,62,18,2023-02-04 02:56:17.193652+00
190,64,6,2023-02-04 03:03:05.213365+00
191,64,7,2023-02-04 03:03:05.213365+00
192,64,16,2023-02-04 03:03:05.213365+00
193,65,16,2023-02-04 03:10:32.851314+00
194,65,2,2023-02-04 03:10:32.851314+00
195,65,10,2023-02-04 03:10:32.851314+00
196,66,1,2023-02-04 03:12:26.272458+00
197,66,2,2023-02-04 03:12:26.272458+00
198,66,16,2023-02-04 03:12:26.272458+00
199,67,16,2023-02-04 03:14:07.143504+00
200,67,2,2023-02-04 03:14:07.143504+00
201,67,18,2023-02-04 03:14:07.143504+00
202,68,1,2023-02-04 03:15:11.841998+00
203,68,2,2023-02-04 03:15:11.841998+00
204,68,16,2023-02-04 03:15:11.841998+00
205,69,1,2023-02-04 03:16:44.968261+00
206,69,2,2023-02-04 03:16:44.968261+00
207,69,16,2023-02-04 03:16:44.968261+00
208,69,10,2023-02-04 03:16:44.968261+00
209,70,1,2023-02-04 03:20:05.772134+00
210,70,2,2023-02-04 03:20:05.772134+00
211,70,16,2023-02-04 03:20:05.772134+00
212,71,1,2023-02-04 03:21:40.425221+00
213,71,2,2023-02-04 03:21:40.425221+00
214,71,16,2023-02-04 03:21:40.425221+00
215,72,2,2023-02-04 03:25:29.123697+00
216,72,6,2023-02-04 03:25:29.123697+00
217,72,16,2023-02-04 03:25:29.123697+00
218,73,1,2023-02-04 03:29:34.171125+00
219,73,6,2023-02-04 03:29:34.171125+00
220,74,1,2023-02-04 03:33:29.530943+00
221,74,6,2023-02-04 03:33:29.530943+00
222,74,18,2023-02-04 03:33:29.530943+00
223,75,1,2023-02-04 03:34:34.908215+00
224,75,6,2023-02-04 03:34:34.908215+00
225,75,18,2023-02-04 03:34:34.908215+00
226,76,1,2023-02-04 03:35:54.839918+00
227,76,18,2023-02-04 03:35:54.839918+00
228,77,1,2023-02-04 03:37:56.50465+00
229,77,6,2023-02-04 03:37:56.50465+00
230,77,18,2023-02-04 03:37:56.50465+00
231,77,16,2023-02-04 03:37:56.50465+00
232,78,1,2023-02-04 08:33:12.750473+00
233,78,5,2023-02-04 08:33:12.750473+00
234,78,6,2023-02-04 08:33:12.750473+00
235,78,18,2023-02-04 08:33:12.750473+00
236,79,6,2023-02-04 08:38:32.824076+00
237,79,16,2023-02-04 08:38:32.824076+00
238,80,1,2023-02-04 08:40:38.065018+00
239,80,6,2023-02-04 08:40:38.065018+00
240,80,3,2023-02-04 08:40:38.065018+00
241,81,10,2023-02-04 08:45:09.606859+00
242,81,2,2023-02-04 08:45:09.606859+00
243,81,1,2023-02-04 08:45:09.606859+00
244,81,13,2023-02-04 08:45:09.606859+00
245,81,7,2023-02-04 08:45:09.606859+00
246,82,13,2023-02-04 08:47:14.081878+00
247,82,10,2023-02-04 08:47:14.081878+00
248,82,2,2023-02-04 08:47:14.081878+00
249,82,1,2023-02-04 08:47:14.081878+00
250,83,1,2023-02-04 08:49:17.294848+00
251,83,18,2023-02-04 08:49:17.294848+00
252,84,2,2023-02-04 09:02:22.116421+00
253,84,16,2023-02-04 09:02:22.116421+00
254,84,1,2023-02-04 09:02:22.116421+00
255,85,1,2023-02-04 09:03:34.388741+00
256,85,2,2023-02-04 09:03:34.388741+00
257,85,16,2023-02-04 09:03:34.388741+00
258,86,1,2023-02-04 09:05:14.042094+00
259,86,2,2023-02-04 09:05:14.042094+00
260,86,16,2023-02-04 09:05:14.042094+00
261,87,1,2023-02-04 09:06:34.046887+00
262,87,2,2023-02-04 09:06:34.046887+00
263,87,16,2023-02-04 09:06:34.046887+00
264,88,1,2023-02-04 09:07:40.311882+00
265,88,2,2023-02-04 09:07:40.311882+00
266,88,16,2023-02-04 09:07:40.311882+00
267,89,1,2023-02-04 09:09:30.035392+00
268,89,2,2023-02-04 09:09:30.035392+00
269,89,16,2023-02-04 09:09:30.035392+00
270,90,1,2023-02-06 02:41:24.284543+00
271,90,17,2023-02-06 02:41:24.284543+00
272,90,18,2023-02-06 02:41:24.284543+00
273,91,1,2023-02-06 02:42:50.186332+00
274,91,18,2023-02-06 02:42:50.186332+00
275,91,17,2023-02-06 02:42:50.186332+00
276,92,1,2023-02-06 02:44:46.415305+00
277,92,2,2023-02-06 02:44:46.415305+00
278,92,18,2023-02-06 02:44:46.415305+00
279,92,17,2023-02-06 02:44:46.415305+00
280,93,1,2023-02-06 02:50:13.584403+00
281,93,18,2023-02-06 02:50:13.584403+00
282,93,17,2023-02-06 02:50:13.584403+00
283,94,1,2023-02-06 02:52:18.612319+00
284,94,17,2023-02-06 02:52:18.612319+00
285,94,18,2023-02-06 02:52:18.612319+00
286,95,1,2023-02-06 02:55:50.601452+00
287,95,2,2023-02-06 02:55:50.601452+00
288,95,18,2023-02-06 02:55:50.601452+00
289,96,1,2023-02-06 03:03:05.160661+00
290,96,2,2023-02-06 03:03:05.160661+00
291,96,18,2023-02-06 03:03:05.160661+00
292,97,1,2023-02-06 03:05:02.534923+00
293,97,2,2023-02-06 03:05:02.534923+00
294,97,18,2023-02-06 03:05:02.534923+00
295,98,1,2023-02-06 03:33:21.909068+00
296,98,17,2023-02-06 03:33:21.909068+00
297,98,18,2023-02-06 03:33:21.909068+00
298,99,1,2023-02-06 03:36:39.595975+00
299,99,17,2023-02-06 03:36:39.595975+00
300,99,18,2023-02-06 03:36:39.595975+00
301,100,1,2023-02-06 03:41:43.945774+00
302,100,17,2023-02-06 03:41:43.945774+00
303,100,6,2023-02-06 03:41:43.945774+00
304,100,18,2023-02-06 03:41:43.945774+00
305,101,1,2023-02-06 03:44:23.049647+00
306,101,17,2023-02-06 03:44:23.049647+00
307,101,6,2023-02-06 03:44:23.049647+00
308,101,18,2023-02-06 03:44:23.049647+00
309,102,1,2023-02-06 03:47:03.877284+00
310,102,17,2023-02-06 03:47:03.877284+00
311,102,18,2023-02-06 03:47:03.877284+00
312,103,1,2023-02-06 03:50:22.559871+00
313,103,17,2023-02-06 03:50:22.559871+00
314,103,18,2023-02-06 03:50:22.559871+00
319,105,1,2023-02-06 04:00:16.571973+00
320,105,17,2023-02-06 04:00:16.571973+00
321,105,18,2023-02-06 04:00:16.571973+00
326,107,1,2023-02-06 04:05:14.797379+00
327,107,17,2023-02-06 04:05:14.797379+00
328,107,18,2023-02-06 04:05:14.797379+00
337,109,1,2023-02-06 06:59:12.916915+00
338,109,2,2023-02-06 06:59:12.916915+00
339,109,5,2023-02-06 06:59:12.916915+00
340,109,10,2023-02-06 06:59:12.916915+00
315,104,1,2023-02-06 03:55:43.681412+00
316,104,2,2023-02-06 03:55:43.681412+00
317,104,17,2023-02-06 03:55:43.681412+00
318,104,18,2023-02-06 03:55:43.681412+00
333,108,2,2023-02-06 06:57:10.749941+00
334,108,1,2023-02-06 06:57:10.749941+00
335,108,5,2023-02-06 06:57:10.749941+00
336,108,10,2023-02-06 06:57:10.749941+00
329,106,1,2023-02-06 04:40:44.71943+00
330,106,2,2023-02-06 04:40:44.71943+00
331,106,17,2023-02-06 04:40:44.71943+00
332,106,18,2023-02-06 04:40:44.71943+00
341,110,1,2023-02-06 07:01:43.890956+00
342,110,6,2023-02-06 07:01:43.890956+00
343,110,18,2023-02-06 07:01:43.890956+00
344,111,1,2023-02-06 07:03:08.717871+00
345,111,2,2023-02-06 07:03:08.717871+00
346,111,16,2023-02-06 07:03:08.717871+00
347,112,1,2023-02-06 07:06:59.796545+00
348,112,5,2023-02-06 07:06:59.796545+00
349,112,17,2023-02-06 07:06:59.796545+00
350,113,1,2023-02-06 07:08:07.247117+00
351,113,2,2023-02-06 07:08:07.247117+00
352,113,16,2023-02-06 07:08:07.247117+00
353,114,1,2023-02-06 07:10:00.922134+00
354,114,2,2023-02-06 07:10:00.922134+00
355,114,16,2023-02-06 07:10:00.922134+00
356,114,18,2023-02-06 07:10:00.922134+00
357,115,1,2023-02-06 07:13:28.382002+00
358,115,10,2023-02-06 07:13:28.382002+00
359,115,16,2023-02-06 07:13:28.382002+00
360,116,1,2023-02-06 07:15:45.399772+00
361,116,5,2023-02-06 07:15:45.399772+00
362,116,17,2023-02-06 07:15:45.399772+00
363,116,18,2023-02-06 07:15:45.399772+00
364,117,1,2023-02-06 07:21:44.394081+00
365,117,2,2023-02-06 07:21:44.394081+00
366,117,5,2023-02-06 07:21:44.394081+00
367,117,16,2023-02-06 07:21:44.394081+00
368,118,1,2023-02-06 07:26:02.109765+00
369,118,5,2023-02-06 07:26:02.109765+00
370,118,17,2023-02-06 07:26:02.109765+00
371,118,19,2023-02-06 07:26:02.109765+00
372,119,17,2023-02-06 07:27:15.963957+00
373,119,5,2023-02-06 07:27:15.963957+00
374,120,1,2023-02-06 07:30:01.617456+00
375,120,2,2023-02-06 07:30:01.617456+00
376,120,5,2023-02-06 07:30:01.617456+00
377,121,1,2023-02-06 07:31:00.806493+00
378,121,5,2023-02-06 07:31:00.806493+00
379,121,2,2023-02-06 07:31:00.806493+00
380,122,1,2023-02-06 07:32:19.85173+00
381,122,5,2023-02-06 07:32:19.85173+00
382,123,1,2023-02-06 07:33:39.436911+00
383,123,5,2023-02-06 07:33:39.436911+00
384,123,18,2023-02-06 07:33:39.436911+00
385,124,2,2023-02-06 07:35:12.540187+00
386,124,16,2023-02-06 07:35:12.540187+00
387,125,1,2023-02-06 07:36:49.909768+00
388,125,2,2023-02-06 07:36:49.909768+00
389,125,10,2023-02-06 07:36:49.909768+00
390,126,1,2023-02-06 07:38:10.683316+00
391,126,2,2023-02-06 07:38:10.683316+00
392,126,10,2023-02-06 07:38:10.683316+00
393,127,1,2023-02-06 07:40:55.863938+00
394,127,6,2023-02-06 07:40:55.863938+00
395,127,18,2023-02-06 07:40:55.863938+00
396,128,14,2023-02-06 07:44:30.719017+00
397,128,6,2023-02-06 07:44:30.719017+00
398,128,3,2023-02-06 07:44:30.719017+00
399,128,18,2023-02-06 07:44:30.719017+00
400,129,1,2023-02-06 07:48:08.309325+00
401,129,18,2023-02-06 07:48:08.309325+00
402,6,1,2023-02-06 07:48:38.253695+00
403,6,17,2023-02-06 07:48:38.253695+00
404,6,6,2023-02-06 07:48:38.253695+00
405,6,18,2023-02-06 07:48:38.253695+00
414,133,1,2023-02-06 07:58:29.582412+00
415,133,17,2023-02-06 07:58:29.582412+00
416,133,18,2023-02-06 07:58:29.582412+00
417,132,1,2023-02-06 07:58:51.661123+00
418,132,17,2023-02-06 07:58:51.661123+00
419,132,18,2023-02-06 07:58:51.661123+00
420,131,1,2023-02-06 07:59:01.21982+00
421,131,17,2023-02-06 07:59:01.21982+00
422,131,18,2023-02-06 07:59:01.21982+00
423,130,1,2023-02-06 07:59:09.90824+00
424,130,18,2023-02-06 07:59:09.90824+00
425,134,1,2023-02-06 08:05:23.059327+00
426,134,17,2023-02-06 08:05:23.059327+00
427,134,18,2023-02-06 08:05:23.059327+00
428,135,1,2023-02-06 08:06:55.617644+00
429,135,17,2023-02-06 08:06:55.617644+00
430,135,18,2023-02-06 08:06:55.617644+00
431,136,1,2023-02-06 08:15:38.227616+00
432,136,6,2023-02-06 08:15:38.227616+00
433,136,16,2023-02-06 08:15:38.227616+00
434,137,2,2023-02-06 08:18:30.26974+00
435,137,6,2023-02-06 08:18:30.26974+00
436,138,2,2023-02-06 08:21:41.124656+00
437,138,6,2023-02-06 08:21:41.124656+00
438,139,1,2023-02-06 08:23:06.732237+00
439,139,2,2023-02-06 08:23:06.732237+00
440,140,1,2023-02-06 08:24:17.449315+00
441,140,17,2023-02-06 08:24:17.449315+00
442,140,18,2023-02-06 08:24:17.449315+00
443,141,1,2023-02-06 08:26:34.022111+00
444,141,10,2023-02-06 08:26:34.022111+00
445,142,2,2023-02-06 13:46:48.270445+00
446,142,1,2023-02-06 13:46:48.270445+00
447,142,16,2023-02-06 13:46:48.270445+00
448,142,10,2023-02-06 13:46:48.270445+00
449,143,1,2023-02-06 13:53:22.033367+00
450,143,2,2023-02-06 13:53:22.033367+00
451,143,16,2023-02-06 13:53:22.033367+00
452,144,1,2023-02-06 13:54:59.363653+00
453,144,2,2023-02-06 13:54:59.363653+00
454,144,16,2023-02-06 13:54:59.363653+00
455,145,1,2023-02-06 13:57:00.177892+00
456,145,2,2023-02-06 13:57:00.177892+00
457,145,16,2023-02-06 13:57:00.177892+00
458,146,1,2023-02-06 14:05:21.384142+00
459,146,6,2023-02-06 14:05:21.384142+00
460,146,14,2023-02-06 14:05:21.384142+00
461,147,1,2023-02-06 14:06:35.226691+00
462,147,6,2023-02-06 14:06:35.226691+00
463,147,14,2023-02-06 14:06:35.226691+00
464,148,1,2023-02-06 14:07:42.203404+00
465,148,6,2023-02-06 14:07:42.203404+00
466,148,14,2023-02-06 14:07:42.203404+00
467,149,1,2023-02-06 14:08:48.021211+00
468,149,6,2023-02-06 14:08:48.021211+00
469,149,14,2023-02-06 14:08:48.021211+00
470,150,1,2023-02-07 05:01:10.741277+00
471,150,2,2023-02-07 05:01:10.741277+00
472,150,18,2023-02-07 05:01:10.741277+00
473,151,1,2023-02-07 05:06:18.27202+00
474,151,2,2023-02-07 05:06:18.27202+00
475,151,17,2023-02-07 05:06:18.27202+00
476,151,18,2023-02-07 05:06:18.27202+00
477,152,1,2023-02-07 05:11:36.101482+00
478,152,2,2023-02-07 05:11:36.101482+00
479,152,18,2023-02-07 05:11:36.101482+00
480,153,1,2023-02-07 05:13:06.275275+00
481,153,2,2023-02-07 05:13:06.275275+00
482,153,18,2023-02-07 05:13:06.275275+00
483,154,1,2023-02-07 05:14:39.231533+00
484,154,2,2023-02-07 05:14:39.231533+00
485,154,18,2023-02-07 05:14:39.231533+00
501,159,1,2023-02-07 05:58:12.871762+00
502,159,18,2023-02-07 05:58:12.871762+00
507,162,1,2023-02-07 07:24:15.310044+00
508,162,3,2023-02-07 07:24:15.310044+00
513,165,1,2023-02-07 07:32:09.722723+00
515,167,1,2023-02-07 07:34:35.529328+00
516,167,18,2023-02-07 07:34:35.529328+00
486,155,5,2023-02-07 05:15:49.87079+00
487,155,17,2023-02-07 05:15:49.87079+00
488,155,19,2023-02-07 05:15:49.87079+00
489,156,1,2023-02-07 05:47:45.6308+00
490,156,5,2023-02-07 05:47:45.6308+00
491,156,17,2023-02-07 05:47:45.6308+00
492,156,18,2023-02-07 05:47:45.6308+00
493,157,1,2023-02-07 05:48:58.956012+00
494,157,2,2023-02-07 05:48:58.956012+00
495,157,5,2023-02-07 05:48:58.956012+00
496,157,17,2023-02-07 05:48:58.956012+00
497,157,18,2023-02-07 05:48:58.956012+00
505,161,1,2023-02-07 06:00:47.566441+00
506,161,18,2023-02-07 06:00:47.566441+00
509,163,1,2023-02-07 07:27:46.541138+00
514,166,1,2023-02-07 07:33:25.163947+00
498,158,1,2023-02-07 05:50:00.860966+00
499,158,17,2023-02-07 05:50:00.860966+00
500,158,18,2023-02-07 05:50:00.860966+00
503,160,1,2023-02-07 05:59:29.76601+00
504,160,18,2023-02-07 05:59:29.76601+00
510,164,1,2023-02-07 07:30:52.600332+00
511,164,6,2023-02-07 07:30:52.600332+00
512,164,3,2023-02-07 07:30:52.600332+00
517,168,1,2023-02-07 07:36:55.99924+00
518,168,3,2023-02-07 07:36:55.99924+00
519,59,1,2023-02-08 05:15:01.051297+00
520,59,2,2023-02-08 05:15:01.051297+00
521,59,6,2023-02-08 05:15:01.051297+00
522,58,6,2023-02-08 05:31:59.59416+00
523,58,16,2023-02-08 05:31:59.59416+00
526,170,1,2023-02-14 12:13:04.001485+00
527,170,5,2023-02-14 12:13:04.001485+00
528,170,17,2023-02-14 12:13:04.001485+00
529,171,1,2023-02-14 12:24:18.202881+00
530,171,5,2023-02-14 12:24:18.202881+00
531,171,17,2023-02-14 12:24:18.202881+00
532,172,1,2023-02-14 12:25:17.659073+00
533,172,5,2023-02-14 12:25:17.659073+00
534,172,17,2023-02-14 12:25:17.659073+00
535,173,1,2023-02-14 13:22:26.508821+00
536,173,2,2023-02-14 13:22:26.508821+00
537,173,6,2023-02-14 13:22:26.508821+00
538,173,13,2023-02-14 13:22:26.508821+00
539,174,1,2023-02-14 13:30:40.085638+00
540,174,18,2023-02-14 13:30:40.085638+00
541,175,1,2023-02-14 13:31:47.360958+00
542,175,17,2023-02-14 13:31:47.360958+00
543,175,18,2023-02-14 13:31:47.360958+00
544,176,1,2023-02-14 13:33:21.537231+00
545,176,18,2023-02-14 13:33:21.537231+00
546,177,1,2023-02-14 13:34:55.402556+00
547,177,18,2023-02-14 13:34:55.402556+00
548,177,2,2023-02-14 13:34:55.402556+00
549,177,5,2023-02-14 13:34:55.402556+00
550,177,17,2023-02-14 13:34:55.402556+00
551,178,1,2023-02-14 13:38:10.603905+00
552,178,2,2023-02-14 13:38:10.603905+00
553,178,10,2023-02-14 13:38:10.603905+00
554,179,6,2023-02-14 13:42:07.694418+00
555,179,7,2023-02-14 13:42:07.694418+00
556,180,17,2023-02-14 14:02:02.331155+00
557,180,6,2023-02-14 14:02:02.331155+00
558,180,18,2023-02-14 14:02:02.331155+00
559,181,1,2023-02-14 14:07:27.14179+00
560,181,6,2023-02-14 14:07:27.14179+00
561,181,14,2023-02-14 14:07:27.14179+00
562,181,3,2023-02-14 14:07:27.14179+00
563,182,1,2023-02-14 14:10:28.460573+00
564,182,3,2023-02-14 14:10:28.460573+00
565,182,6,2023-02-14 14:10:28.460573+00
566,182,14,2023-02-14 14:10:28.460573+00
567,183,1,2023-02-14 14:20:23.066591+00
568,183,2,2023-02-14 14:20:23.066591+00
569,183,16,2023-02-14 14:20:23.066591+00
570,184,1,2023-02-14 14:21:34.74021+00
571,184,2,2023-02-14 14:21:34.74021+00
572,184,16,2023-02-14 14:21:34.74021+00
573,185,1,2023-02-14 14:22:50.227835+00
574,185,2,2023-02-14 14:22:50.227835+00
575,185,16,2023-02-14 14:22:50.227835+00
576,186,1,2023-02-14 14:31:29.581792+00
577,186,6,2023-02-14 14:31:29.581792+00
578,186,3,2023-02-14 14:31:29.581792+00
579,187,1,2023-02-15 06:09:21.279013+00
580,187,2,2023-02-15 06:09:21.279013+00
581,187,18,2023-02-15 06:09:21.279013+00
582,188,1,2023-02-15 06:17:26.617804+00
583,188,2,2023-02-15 06:17:26.617804+00
584,188,8,2023-02-15 06:17:26.617804+00
585,188,18,2023-02-15 06:17:26.617804+00
586,189,1,2023-02-15 06:19:55.920429+00
587,189,5,2023-02-15 06:19:55.920429+00
588,189,18,2023-02-15 06:19:55.920429+00
589,190,2,2023-02-15 06:23:30.928028+00
590,190,6,2023-02-15 06:23:30.928028+00
591,190,16,2023-02-15 06:23:30.928028+00
592,191,1,2023-02-15 06:30:12.099038+00
593,191,17,2023-02-15 06:30:12.099038+00
594,191,18,2023-02-15 06:30:12.099038+00
595,191,6,2023-02-15 06:30:12.099038+00
596,192,1,2023-02-15 06:32:17.180488+00
597,192,6,2023-02-15 06:32:17.180488+00
598,192,17,2023-02-15 06:32:17.180488+00
599,192,18,2023-02-15 06:32:17.180488+00
600,193,1,2023-02-15 06:33:27.562698+00
601,193,17,2023-02-15 06:33:27.562698+00
602,193,6,2023-02-15 06:33:27.562698+00
603,194,1,2023-02-15 06:36:45.575364+00
604,194,6,2023-02-15 06:36:45.575364+00
605,194,3,2023-02-15 06:36:45.575364+00
606,195,5,2023-02-15 06:39:20.481087+00
607,195,6,2023-02-15 06:39:20.481087+00
608,196,1,2023-02-15 06:46:03.692007+00
609,196,2,2023-02-15 06:46:03.692007+00
610,196,17,2023-02-15 06:46:03.692007+00
611,196,5,2023-02-15 06:46:03.692007+00
612,197,1,2023-02-15 06:47:06.534934+00
613,197,2,2023-02-15 06:47:06.534934+00
614,197,5,2023-02-15 06:47:06.534934+00
615,198,1,2023-02-15 06:48:56.415402+00
616,198,2,2023-02-15 06:48:56.415402+00
617,198,18,2023-02-15 06:48:56.415402+00
618,198,3,2023-02-15 06:48:56.415402+00
619,198,19,2023-02-15 06:48:56.415402+00
620,199,1,2023-02-15 06:55:28.709299+00
621,199,17,2023-02-15 06:55:28.709299+00
622,199,18,2023-02-15 06:55:28.709299+00
623,200,1,2023-02-15 06:57:16.916483+00
624,200,18,2023-02-15 06:57:16.916483+00
625,201,1,2023-02-15 07:01:12.613877+00
626,201,17,2023-02-15 07:01:12.613877+00
627,201,18,2023-02-15 07:01:12.613877+00
628,202,1,2023-02-15 07:07:48.354351+00
629,202,17,2023-02-15 07:07:48.354351+00
630,202,18,2023-02-15 07:07:48.354351+00
631,203,1,2023-02-15 07:22:44.804095+00
632,203,2,2023-02-15 07:22:44.804095+00
633,203,5,2023-02-15 07:22:44.804095+00
634,204,1,2023-02-15 07:23:55.741941+00
635,204,2,2023-02-15 07:23:55.741941+00
636,204,5,2023-02-15 07:23:55.741941+00
637,205,1,2023-02-15 07:25:50.894453+00
638,205,5,2023-02-15 07:25:50.894453+00
639,206,1,2023-02-15 07:27:31.900515+00
640,206,5,2023-02-15 07:27:31.900515+00
641,207,1,2023-02-15 07:53:35.292134+00
642,207,5,2023-02-15 07:53:35.292134+00
643,207,17,2023-02-15 07:53:35.292134+00
644,208,1,2023-02-15 07:54:57.449837+00
645,208,17,2023-02-15 07:54:57.449837+00
646,208,18,2023-02-15 07:54:57.449837+00
647,209,5,2023-02-15 07:56:06.753833+00
648,209,6,2023-02-15 07:56:06.753833+00
649,209,13,2023-02-15 07:56:06.753833+00
653,211,6,2023-02-15 08:03:11.670466+00
654,211,7,2023-02-15 08:03:11.670466+00
682,222,6,2023-02-15 08:38:20.257746+00
683,222,7,2023-02-15 08:38:20.257746+00
691,226,6,2023-02-15 08:49:44.230396+00
692,226,7,2023-02-15 08:49:44.230396+00
650,210,5,2023-02-15 07:58:10.952097+00
651,210,6,2023-02-15 07:58:10.952097+00
652,210,13,2023-02-15 07:58:10.952097+00
665,215,6,2023-02-15 08:09:01.018904+00
666,215,14,2023-02-15 08:09:01.018904+00
667,215,7,2023-02-15 08:09:01.018904+00
684,223,1,2023-02-15 08:42:22.482383+00
685,223,2,2023-02-15 08:42:22.482383+00
686,223,6,2023-02-15 08:42:22.482383+00
687,224,6,2023-02-15 08:44:23.011509+00
688,224,7,2023-02-15 08:44:23.011509+00
689,225,6,2023-02-15 08:48:30.000098+00
690,225,7,2023-02-15 08:48:30.000098+00
655,212,6,2023-02-15 08:04:26.529498+00
656,212,7,2023-02-15 08:04:26.529498+00
657,213,6,2023-02-15 08:05:42.707369+00
658,213,7,2023-02-15 08:05:42.707369+00
662,214,6,2023-02-15 08:07:45.208012+00
663,214,7,2023-02-15 08:07:45.208012+00
664,214,14,2023-02-15 08:07:45.208012+00
672,218,6,2023-02-15 08:22:36.66947+00
673,218,7,2023-02-15 08:22:36.66947+00
676,220,6,2023-02-15 08:27:02.507861+00
677,220,5,2023-02-15 08:27:02.507861+00
678,220,13,2023-02-15 08:27:02.507861+00
668,216,6,2023-02-15 08:10:02.630036+00
669,216,5,2023-02-15 08:10:02.630036+00
670,217,6,2023-02-15 08:11:26.081791+00
671,217,5,2023-02-15 08:11:26.081791+00
674,219,6,2023-02-15 08:24:48.647417+00
675,219,7,2023-02-15 08:24:48.647417+00
679,221,2,2023-02-15 08:35:20.202641+00
680,221,6,2023-02-15 08:35:20.202641+00
681,221,7,2023-02-15 08:35:20.202641+00